{"cameraMode":{"drawMode":0,"name":"Shaded","section":"Shading Mode"},"sceneLighting":true,"audioPlay":false,"sceneViewState":{"showFog":true,"showMaterialUpdate":false,"showSkybox":true,"showFlares":true,"showImageEffects":true,"showParticleSystems":true},"in2DMode":false,"pivot":{"x":-0.29710859060287478,"y":-1.6121859550476075,"z":5.367793083190918},"rotation":{"x":-0.07822710275650025,"y":0.008071842603385449,"z":-0.0006334655918180943,"w":-0.9969021677970886},"size":5.8748087882995609,"orthographic":false}